Pirates Des Caraibes : 120: Action,Suspens          : pirates_des_caraibes
Le Dernier Espion    : 105: Action,Suspens          : le_dernier_espion
Nuit à Paris         :  95: Comedie,Romance         : nuit_a_paris
Voyage Interstellaire: 140: Science-Fiction,Aventure: voyage_interstellaire
La Maison Hantée     : 100: Horreur,Suspens         : la_maison_hantee
Le Coeur Brisé       : 110: Drame,Romance           : le_coeur_brise
Evasion              : 130: Action,Aventure         : evasion
L'Odyssée Sous-Marine: 125: Documentaire,Familial   : odyssee_sous_marine
Les Rêves d'Anna     :  90: Animation,Familial      : les_reves_d_anna
Crime à Lyon         : 102: Policier,Suspens        : crime_a_lyon
La Dernière Note     :  88: Musical,Drame           : la_derniere_note
Mémoire Volée        : 115: Science-Fiction,Suspens : memoire_volee
Chasse aux Fantômes  :  97: Comedie,Horreur         : chasse_aux_fantomes
L'Ascension          : 135: Drame,Aventure          : l_ascension
Les Jardins Secrets  : 103: Romance,Drame           : les_jardins_secrets
Hyperloop            : 112: Science-Fiction,Action  : hyperloop
Le Festival          :  92: Comedie                 : le_festival
Le Signal            : 107: Suspens,Science-Fiction : le_signal
La Route Sans Fin    : 145: Aventure,Action         : la_route_sans_fin
Portrait d'une Ville :  80: Documentaire            : portrait_d_une_ville
Mission Impossible   : 131: Action,Suspens          : mission_impossible
Le Roi Lion          :  88: Animation,Familial,Aventure: le_roi_lion
Parasite             : 132: Drame,Suspens           : parasite
Dune                 : 155: Science-Fiction,Aventure: dune
La La Land           : 128: Musical,Romance         : la_la_land
Get Out              : 104: Horreur,Suspens         : get_out
The Matrix           : 136: Science-Fiction,Action  : the_matrix
Titanic              : 194: Romance,Drame           : titanic
Joker                : 122: Drame,Suspens           : joker
Avatar               : 162: Science-Fiction,Action,Aventure: avatar
Intouchables         : 112: Comedie,Drame           : intouchables
Le Seigneur des Anneaux: 178: Aventure,Action      : le_seigneur_des_anneaux
Shrek                :  90: Animation,Comedie,Familial: shrek
Django Unchained     : 165: Action,Drame            : django_unchained
Gladiator            : 155: Action,Drame,Aventure   : gladiator
Gravity              :  91: Science-Fiction,Suspens : gravity
La Vie est Belle     : 116: Drame,Comedie           : la_vie_est_belle
Pulp Fiction         : 154: Action,Drame            : pulp_fiction
Le Grand Bleu        : 168: Drame,Aventure          : le_grand_bleu
Amélie Poulain       : 122: Comedie,Romance         : amelie_poulain
Coco                 : 105: Animation,Familial,Musical: coco
Blade Runner 2049    : 164: Science-Fiction,Suspens : blade_runner_2049
Le Fabuleux Destin   : 129: Comedie,Drame           : le_fabuleux_destin
Spider-Man           : 121: Action,Aventure         : spider_man
Les Misérables       : 158: Drame,Musical           : les_miserables
Black Panther        : 134: Action,Aventure,Science-Fiction: black_panther
Mad Max Fury Road    : 120: Action,Aventure,Science-Fiction: mad_max_fury_road
Your Name            : 106: Animation,Romance,Drame : your_name
Gone Girl            : 149: Suspens,Drame           : gone_girl
Wonder Woman         : 141: Action,Aventure         : wonder_woman
